question,response
"Hello","Hi there! How can I help you today?"
"What products do you have?","We offer a wide range of beauty products including makeup, haircare, skincare, bath, and body items. Feel free to explore our collection!"
"Can you suggest some affordable options for makeup products?","Certainly! Affordable options include brands like Maybelline, L'Oréal, and CoverGirl."
"I'm looking for a new shampoo. Any recommendations?","Absolutely! Depending on your hair type, we have various options ranging from hydrating shampoos to volumizing ones. Some popular choices include Pantene, Head & Shoulders, and Herbal Essences."
"What's the best skincare routine for acne-prone skin?","For acne-prone skin, we recommend a gentle cleanser, followed by a salicylic acid or benzoyl peroxide treatment, and a lightweight, oil-free moisturizer. Additionally, incorporating a weekly exfoliating treatment can help unclog pores and prevent breakouts."
"Do you have any organic/natural skincare products?","Yes, we offer a selection of organic and natural skincare products that are free from harsh chemicals and artificial additives. Some popular choices include Burt's Bees, The Body Shop, and Yes To."
"I need a new body lotion. What do you recommend?","Sure! Depending on your preferences, we have body lotions ranging from lightweight hydrating formulas to rich, nourishing creams. Some top picks include Nivea, Aveeno, and Cetaphil."
"Can you help me find a good sunscreen for sensitive skin?","Absolutely! We have several options specifically formulated for sensitive skin, free from common irritants like fragrances and dyes. Some excellent choices include Neutrogena, La Roche-Posay, and Aveeno."
"What's the best way to remove waterproof mascara?","To effectively remove waterproof mascara, we recommend using a gentle oil-based makeup remover or micellar water. Simply saturate a cotton pad, hold it over your closed eyes for a few seconds to allow the product to dissolve the mascara, and then gently wipe away."
"Can you recommend a product?","Sure! What kind of product are you looking for?"
"What are your best-selling makeup products?","Our best-selling makeup products include the NARS foundation, MACStack Mascara, and Maybelline Lipstick."
"Do you have any vegan skincare products?","Yes, we have a range of vegan skincare products. Would you like to see some recommendations?"
"What is your return policy?","Our return policy allows returns within 30 days of purchase with a receipt."
"Can you help me find a gift for my friend?","Of course! What kind of products does your friend like? We have gift sets for makeup, skincare, and perfumes."
"Do you offer free shipping?","Yes, we offer free shipping on orders over $50."
"How can I track my order?","You can track your order using the tracking number sent to your email after the purchase."
"Are your products cruelty-free?","Many of our products are cruelty-free. Would you like to see a list of our cruelty-free brands?"
"Do you have any promotions or discounts?","Yes, we currently have a 20% off sale on selected items. You can check our promotions page for more details."
"What is the best skincare routine for oily skin?","For oily skin, we recommend a routine that includes a gentle cleanser, toner, oil-free moisturizer, and a clay mask."
"Can I get a sample of a product?","Yes, we offer samples with certain purchases. Which product sample are you interested in?"
"What are the ingredients in your Biotherm serum?","The ingredients in our Biotherm serum include hyaluronic acid, vitamin C, and aloe vera."
"How can I contact customer service?","You can contact our customer service via email at support@beautystore.com or call us at 123-456-7890."
"Do you have any fragrance-free products?","Yes, we have a variety of fragrance-free products, especially in our skincare line."
"How do I choose the right foundation shade?","We offer a virtual try-on tool and a foundation shade finder quiz on our website to help you choose the right shade."
"What are the benefits of using a night cream?","Night creams help to hydrate and repair your skin while you sleep, leading to a more refreshed and glowing complexion in the morning."
"Can you recommend a sunscreen?","Sure! Our top-recommended sunscreens include the Rivaj broad-spectrum SPF 50 and mineral sunscreen SPF 30."
"What are the top-rated hair care products?","Our top-rated hair care products include the Loreal shampoo, Tresemme conditioner, and Loreal hair mask."
"Do you offer gift wrapping services?","Yes, we offer gift wrapping services for an additional fee. Would you like to add gift wrapping to your order?"
"What are your store hours?","Our online store is open 24/7. If you need customer support, our hours are Monday to Friday, 9 AM to 6 PM."
"Can I change my shipping address after placing an order?","You can change your shipping address within 24 hours of placing your order by contacting our customer service."
"What payment methods do you accept?","We accept credit/debit cards, PayPal, and Apple Pay."
"Do you have products for sensitive skin?","Yes, we have a range of products specifically formulated for sensitive skin. Would you like some recommendations?"
"What is the shelf life of your products?","Most of our products have a shelf life of 12 to 24 months. You can find the specific expiry date on the product packaging."
"Can I cancel my order?","You can cancel your order within 24 hours of placing it by contacting our customer service."
"What is the best product for dry hair?","For dry hair, we recommend the deep conditioning mask and leave-in conditioner."
"How do I apply for a job at your store?","You can apply for a job by visiting our Careers page on our website and submitting your application."
"Do you offer student discounts?","Yes, we offer a 10% student discount. You can verify your student status through our website to receive the discount."
"What are the benefits of using a face mask?","Face masks can help to deep clean, hydrate, and rejuvenate your skin, depending on the type of mask you use."
"Can I return a product if I don’t like it?","Yes, you can return a product within 30 days of purchase if you are not satisfied with it."
"Do you have any organic products?","Yes, we have a selection of organic beauty products. Would you like to see some options?"
"How do I redeem my loyalty points?","You can redeem your loyalty points at checkout. Make sure you are logged into your account to apply the points."
"What is the best way to remove makeup?","We recommend using a gentle makeup remover or micellar water, followed by a cleanser to ensure all makeup is removed."
"What products are good for sensitive skin?","We recommend our Clean and Clear gentle cleanser, calming moisturizer, and AXIS-Y soothing serum for sensitive skin."
"How often should I use a face mask?","It depends on your skin type and the mask, but generally, 1-2 times a week is recommended."
"Can you help me find a foundation for oily skin?","Sure! Our top foundations for oily skin include the NARS matte foundation and FIT ME oil-control foundation."
"What is the shelf life of your perfumes?","Our perfumes typically have a shelf life of 3-5 years when stored properly."
"Do you have a rewards program?","Yes, we have a rewards program where you can earn points on purchases and redeem them for discounts."
"Are your products safe for pregnant women?","We have several products that are safe for pregnant women. Please consult with your healthcare provider before use."
"What are the best products for dry skin?","For dry skin, we recommend the hydrating cream, Vitamin E moisture mask, and Biotherm nourishing oil."
"How can I check if a product is in stock?","You can check product availability on the product page on our website."
"Do you offer samples with orders?","Yes, we offer free samples with certain orders. You can select your preferred samples at checkout."
"What is the best way to treat dandruff?","We recommend using the Loreal anti-dandruff shampoo and scalp treatment."
"Can I create a wishlist on your site?","Yes, you can create a wishlist by logging into your account and adding items to your wishlist."
"Do you sell travel-sized products?","Yes, we offer a range of travel-sized products. You can find them in our travel section."
"What are the benefits of using a facial serum?","Facial serums are concentrated formulas that target specific skin concerns, such as hydration, brightening, or anti-aging."
"Can you recommend a perfume for a special occasion?","Of course! For special occasions, we recommend the Elegant perfume or the Sophisticated Daisy fragrance."
"Do you have any products for sun protection?","Yes, we offer a variety of sunscreens and sun protection products for different skin types."
"How do I use a hair mask?","Apply the hair mask to clean, damp hair, leave it on for the recommended time, then rinse thoroughly."
"Do you have products for curly hair?","Yes, we have a range of products specifically formulated for curly hair, including Curl cream and leave-in conditioner."
"What is the best product for fine lines and wrinkles?","For fine lines and wrinkles, we recommend the retinol serum and anti-aging cream."
"Can I combine discounts with promo codes?","Generally, discounts and promo codes cannot be combined unless stated otherwise in the promotion details."
"Do you have any products with SPF?","Yes, we have several skincare and makeup products with SPF. Would you like some recommendations?"
"How do I find the right shade of lipstick?","You can use our virtual try-on tool or consult our lipstick shade guide on the website."
"Are your products hypoallergenic?","Many of our products are hypoallergenic. Please check the product description for specific information."
"Can I sign up for product restock alerts?","Yes, you can sign up for restock alerts on the product page by entering your email address."
"Do you offer personalized skincare consultations?","Yes, we offer personalized skincare consultations. You can book a session through our website."
"What is the best way to prevent hair damage?","To prevent hair damage, use heat protectant sprays, avoid excessive heat styling, and regularly use deep conditioning treatments."
"Can I use a discount code on sale items?","It depends on the promotion. Please check the terms and conditions of the discount code."
"Do you have any anti-aging skincare sets?","Yes, we offer several anti-aging skincare sets. You can find them in our skincare section."
"What is the best product for combination skin?","For combination skin, we recommend the balancing cleanser and lightweight moisturizer."
"Do you have products for dark spots?","Yes, we offer products that target dark spots, such as the brightening serum and dark spot corrector."
"What are the benefits of using a toner?","Toners help to remove residual impurities, balance the skin’s pH, and prepare the skin for better absorption of serums and moisturizers."
"Can you recommend a natural deodorant?","Sure! Our top natural deodorants include the Pleasures natural deodorant and Light Blue aluminum-free deodorant."
"Do you have any tips for dealing with dry lips?","For dry lips, we recommend using a gentle lip scrub followed by a hydrating lip balm like the lip balm."
"What is the best way to apply foundation?","For a flawless application, use a foundation brush or damp beauty sponge to blend the foundation evenly on your skin."
"Do you have any products for thinning hair?","Yes, we offer products designed to help with thinning hair, including the thickening shampoo and hair growth serum."
"How do I remove waterproof makeup?","To remove waterproof makeup, use a bi-phase makeup remover or an oil-based cleanser."
"Can you recommend a product for reducing pores?","For reducing pores, we recommend the pore minimizing toner and pore refining serum."
"Do you have any sulfate-free shampoos?","Yes, we offer a variety of sulfate-free shampoos. Would you like some recommendations?"
"What is the best product for oily skin?","For oily skin, we recommend the oil-control moisturizer and mattifying primer."
"Do you offer virtual makeup try-ons?","Yes, we offer a virtual try-on tool on our website for you to try different makeup products."
"Can I get advice on which perfume to buy?","Of course! Please let us know your fragrance preferences, and we’ll recommend a perfume for you."
"What is the best way to exfoliate my skin?","We recommend using a gentle exfoliator 2-3 times a week, depending on your skin type."
"Do you offer international shipping?","Yes, we offer international shipping. Shipping fees and delivery times vary by location."
"How can I update my account information?","You can update your account information by logging into your account and going to the 'Account Settings' page."
"Do you offer any eco-friendly products?","Yes, we have a selection of eco-friendly products. Would you like to see some options?"
"Can I earn points on my purchases?","Yes, you can earn points on your purchases by joining our loyalty program. Sign up on our website to start earning points."
"How do I redeem my loyalty points?","You can redeem your loyalty points at checkout. Make sure you are logged into your account to apply the points."
"How do I choose the right foundation shade?","We offer a virtual try-on tool and a foundation shade finder quiz on our website to help you choose the right shade."
"Can I cancel my order?","You can cancel your order within 24 hours of placing it by contacting our customer service."
"Do you offer student discounts?","Yes, we offer a 10% student discount. You can verify your student status through our website to receive the discount."
"What are the benefits of using a face mask?","Face masks can help to deep clean, hydrate, and rejuvenate your skin, depending on the type of mask you use."
"How can I contact customer service?","You can contact our customer service via email at support@beautystore.com or call us at 123-456-7890."
"Do you offer gift wrapping services?","Yes, we offer gift wrapping services for an additional fee. Would you like to add gift wrapping to your order?"
"What payment methods do you accept?","We accept credit/debit cards,and PayPal."
"Can I return a product if I don’t like it?","Yes, you can return a product within 30 days of purchase if you are not satisfied with it."
"Can I buy a gift card?","Yes, we offer gift cards in various denominations. You can purchase them on our website."
"How can I track my order?","You can track your order using the tracking number sent to your email after the purchase."
"Can you recommend a good facial cleanser?","Absolutely! For a good facial cleanser, we recommend Cetaphil Gentle Skin Cleanser or Neutrogena Hydro Boost Cleanser."
"What is the best perfume for a night out?","For a night out, we suggest trying Chanel Coco Mademoiselle or Yves Saint Laurent Black Opium."
"Do you have any anti-aging skincare products?","Yes, we do! Our top anti-aging products include Olay Regenerist Micro-Sculpting Cream and Estée Lauder Advanced Night Repair."
"What is the best product for acne-prone skin?","For acne-prone skin, we recommend La Roche-Posay Effaclar Duo and Neutrogena Rapid Clear Stubborn Acne Cleanser."
"Can you suggest a lightweight moisturizer?","Sure! For a lightweight moisturizer, try Clinique Dramatically Different Moisturizing Gel or CeraVe PM Facial Moisturizing Lotion."
"Which serum is best for brightening the skin?","To brighten the skin, we recommend Vitamin C serums like SkinCeuticals C E Ferulic or The Ordinary Ascorbyl Glucoside Solution 12%."
"Do you have sulfate-free shampoos?","Yes, we have several sulfate-free shampoos. Some popular choices are Pureology Hydrate Shampoo and SheaMoisture Coconut & Hibiscus Curl & Shine Shampoo."
"Can you recommend a good body lotion?","Certainly! For a good body lotion, we recommend Nivea Essentially Enriched Body Lotion and Aveeno Daily Moisturizing Lotion."
"What is the best product for frizzy hair?","For frizzy hair, we suggest using John Frieda Frizz Ease Extra Strength Serum or Moroccanoil Treatment."
"Do you offer products for hyperpigmentation?","Yes, we have products for hyperpigmentation. Try Murad Rapid Age Spot and Pigment Lightening Serum or Kiehl's Clearly Corrective Dark Spot Solution."
"Can you suggest a hydrating mask for dry skin?","For a hydrating mask, we recommend Laneige Water Sleeping Mask or Origins Drink Up Intensive Overnight Mask."
"What is the best product for oily skin?","For oily skin, we suggest using La Roche-Posay Effaclar Mat Moisturizer and Paula's Choice Skin Balancing Oil-Reducing Cleanser."
"Do you have any products for sensitive skin?","Yes, for sensitive skin, we recommend using Aveeno Ultra-Calming Foaming Cleanser and Cetaphil Daily Hydrating Lotion."
"What is a good foundation for combination skin?","For combination skin, we recommend IT Cosmetics Your Skin But Better CC+ Cream and NARS Natural Radiant Longwear Foundation."
"Can you recommend a sunscreen for everyday use?","Certainly! For everyday use, we recommend La Roche-Posay Anthelios Melt-in Milk Sunscreen SPF 60 or Neutrogena Ultra Sheer Dry-Touch Sunscreen SPF 55."
"Do you have any organic skincare products?","Yes, we offer organic skincare products like Tata Harper Regenerating Cleanser and Herbivore Botanicals Lapis Facial Oil."
"What is the best eye cream for dark circles?","For dark circles, we recommend using Kiehl's Midnight Recovery Eye Cream or Olay Eyes Brightening Eye Cream."
"Can you recommend a hair mask for damaged hair?","For damaged hair, try Olaplex Hair Perfector No. 3 or Briogeo Don't Despair, Repair! Deep Conditioning Mask."
"What are some good exfoliators for the face?","Good exfoliators include St. Ives Fresh Skin Apricot Scrub and Dermalogica Daily Microfoliant."
"Do you offer vegan beauty products?","Yes, we have vegan beauty products. Some popular choices are Youth To The People Superfood Cleanser and Pacifica Alight Multi-Mineral BB Cream."
"What is the best way to remove makeup?","For removing makeup, we recommend using Bioderma Sensibio H2O Micellar Water or Clinique Take The Day Off Cleansing Balm."
"Can you suggest a good night cream?","Sure! For a good night cream, try L'Oreal Paris Revitalift Anti-Wrinkle + Firming Night Cream or CeraVe Skin Renewing Night Cream."
"What is the best product for dull skin?","For dull skin, we recommend using Drunk Elephant C-Firma Day Serum or L'Oréal Paris Revitalift Bright Reveal Brightening Peel Pads."
"Do you have any products for hair loss?","Yes, we offer products for hair loss like Rogaine Minoxidil Foam and Nioxin System Kit."
"Can you recommend a good lip balm?","Certainly! For a good lip balm, try Burt's Bees Beeswax Lip Balm or Laneige Lip Sleeping Mask."
"What is the best primer for makeup?","For a good makeup primer, we recommend Smashbox Photo Finish Foundation Primer and Benefit Cosmetics The POREfessional Face Primer."
"Do you have any fragrance-free products?","Yes, we offer fragrance-free products like Vanicream Gentle Facial Cleanser and Neutrogena Hydro Boost Gel-Cream."
"What are some good anti-dandruff shampoos?","Good anti-dandruff shampoos include Head & Shoulders Clinical Strength and Nizoral A-D Anti-Dandruff Shampoo."
"Can you suggest a product for reducing pores?","For reducing pores, we recommend using Benefit Cosmetics The POREfessional Pore Minimizing Primer and Paula's Choice Pore-Refining Treatment."
"What is a good toner for dry skin?","For dry skin, we recommend using Thayers Witch Hazel Alcohol-Free Toner and Fresh Rose Deep Hydration Toner."
"Do you have any products with hyaluronic acid?","Yes, we have products with hyaluronic acid like Neutrogena Hydro Boost Water Gel and The Ordinary Hyaluronic Acid 2% + B5."
"Can you recommend a volumizing hair product?","Certainly! For volumizing hair, try Living Proof Full Dry Volume Blast or Bumble and bumble Thickening Spray."
"What is the best setting spray for makeup?","For a good setting spray, we recommend Urban Decay All Nighter Setting Spray and MAC Prep + Prime Fix+."
"Do you offer products for rosacea?","Yes, we have products for rosacea like Eucerin Redness Relief Night Cream and Avene Antirougeurs Fort Relief Concentrate."
"What is the best product for chapped lips?","For chapped lips, we recommend using Aquaphor Healing Ointment or Jack Black Intense Therapy Lip Balm."
"Can you suggest a good facial oil?","Sure! For a good facial oil, try Sunday Riley C.E.O. Glow Vitamin C + Turmeric Face Oil or Kiehl's Midnight Recovery Concentrate."
"Do you have any matte lipsticks?","Yes, we have a variety of matte lipsticks like MAC Retro Matte Lipstick and Maybelline SuperStay Matte Ink Liquid Lipstick."
"What is the best product for deep wrinkles?","For deep wrinkles, we recommend using RoC Retinol Correxion Deep Wrinkle Night Cream and Neutrogena Rapid Wrinkle Repair Retinol Oil."
"Can you recommend a clarifying shampoo?","Certainly! For a clarifying shampoo, try Neutrogena Anti-Residue Shampoo and Paul Mitchell Clarifying Shampoo Two."
"Do you have any products for under-eye bags?","Yes, we offer products for under-eye bags like The Ordinary Caffeine Solution 5% + EGCG and Clinique All About Eyes."
"What is the best BB cream for everyday use?","For everyday use, we recommend Garnier SkinActive BB Cream and Missha M Perfect Cover BB Cream."
"Can you suggest a good concealer for dark circles?","Sure! For dark circles, try Tarte Shape Tape Concealer or Maybelline Instant Age Rewind Eraser Dark Circles Concealer."
"Do you have any products for scalp care?","Yes, we have products for scalp care like Briogeo Scalp Revival Charcoal + Coconut Oil Micro-Exfoliating Shampoo and Kérastase Specifique Bain Divalent Shampoo."
"What is the best product for stretch marks?","For stretch marks, we recommend using Bio-Oil Skincare Oil and Palmer's Cocoa Butter Formula Massage Lotion for Stretch Marks."
"Can you recommend a soothing face mist?","Certainly! For a soothing face mist, try Mario Badescu Facial Spray with Aloe, Herbs and Rosewater or Evian Mineral Water Spray."
"What is the best product for brittle nails?","For brittle nails, we recommend using OPI Nail Envy Nail Strengthener and Sally Hansen Hard As Nails."
"Do you offer natural makeup products?","Yes, we offer natural makeup products like BareMinerals Original Loose Powder Foundation and RMS Beauty Living Luminizer."
"What is a good lightweight foundation?","For a lightweight foundation, we recommend Giorgio Armani Luminous Silk Foundation and L'Oréal Paris True Match Lumi Healthy Luminous Makeup."
"Can you suggest a product for smoothing frizzy hair?","Sure! For smoothing frizzy hair, try Moroccanoil Frizz Control and Living Proof No Frizz Nourishing Styling Cream."
"What is the best exfoliating scrub for body?","For body, we recommend Tree Hut Shea Sugar Scrub and Frank Body Original Coffee Scrub."
"Do you have any products for dark spots?","Yes, we offer products for dark spots like Clinique Even Better Clinical Dark Spot Corrector and Murad Rapid Age Spot and Pigment Lightening Serum."
"What is a good deep conditioner for dry hair?","For dry hair, we recommend using Aussie 3 Minute Miracle Moist Deep Conditioner and SheaMoisture Manuka Honey & Yogurt Hydrate + Repair Protein Power Treatment."
"Can you recommend a good skincare routine for beginners?","Sure! For a basic skincare routine, start with a gentle cleanser like CeraVe Hydrating Cleanser, follow with a toner such as Thayers Witch Hazel Toner, then use a serum like The Ordinary Hyaluronic Acid 2% + B5, and finish with a moisturizer like Neutrogena Hydro Boost Gel-Cream."
"What are some must-have skincare products?","Must-have skincare products include a gentle cleanser, an exfoliator like Paula's Choice Skin Perfecting 2% BHA Liquid Exfoliant, a hydrating serum such as SkinCeuticals Hydrating B5 Gel, and a broad-spectrum sunscreen like La Roche-Posay Anthelios SPF 60."
"Can you recommend a complete hair care routine?","Absolutely! For a complete hair care routine, use a shampoo like Redken All Soft Shampoo, a conditioner such as Pureology Hydrate Conditioner, a leave-in treatment like It's a 10 Miracle Leave-In Product, and a heat protectant like TRESemmé Thermal Creations Heat Tamer Spray."
"What are the best makeup products for a natural look?","For a natural look, we recommend using a tinted moisturizer like NARS Pure Radiant Tinted Moisturizer, a lightweight concealer such as Maybelline Fit Me Concealer, a brow gel like Glossier Boy Brow, and a neutral lip balm such as Burt's Bees Tinted Lip Balm."
"What are some essential makeup products for beginners?","Essential makeup products for beginners include a foundation like L'Oréal Paris True Match Foundation, a mascara such as Maybelline Lash Sensational, an eyeshadow palette like Urban Decay Naked Basics, and a blush like Milani Baked Blush in Luminoso."
"Can you recommend a good perfume for everyday wear?","Certainly! For everyday wear, try a light and fresh scent like Marc Jacobs Daisy or a classic like Chanel Chance Eau Tendre."
"What are some popular perfumes for women?","Popular perfumes for women include Lancôme La Vie Est Belle, Viktor & Rolf Flowerbomb, and Dolce & Gabbana Light Blue."
"Can you recommend a good skincare product for fine lines?","For fine lines, we recommend using RoC Retinol Correxion Deep Wrinkle Night Cream and Olay Regenerist Retinol 24 Night Moisturizer."
"What are some good hair care products for color-treated hair?","For color-treated hair, we recommend Pureology Hydrate Shampoo and Conditioner, Olaplex No. 3 Hair Perfector, and Redken Color Extend Magnetics Mega Mask."
"Can you recommend a product for dry and damaged hair?","For dry and damaged hair, try the Briogeo Don't Despair, Repair! Deep Conditioning Mask and Moroccanoil Treatment."
"What are some essential skincare products for oily skin?","Essential skincare products for oily skin include La Roche-Posay Effaclar Purifying Foaming Gel, The Ordinary Niacinamide 10% + Zinc 1%, and Neutrogena Hydro Boost Water Gel."
"Can you recommend a good primer for oily skin?","Sure! For oily skin, we recommend using Benefit Cosmetics The POREfessional Face Primer or Smashbox Photo Finish Oil & Shine Control Primer."
"What are the best products for a dewy makeup look?","For a dewy makeup look, use a hydrating primer like Too Faced Hangover Replenishing Face Primer, a luminous foundation such as Giorgio Armani Luminous Silk Foundation, and a highlighter like Becca Shimmering Skin Perfector."
"Can you recommend a good toner for oily skin?","Sure! For oily skin, try Thayers Witch Hazel Toner with Aloe Vera and Paula's Choice Skin Balancing Pore-Reducing Toner."
"What are some must-have products for curly hair?","For curly hair, must-have products include DevaCurl One Condition Original Daily Cream Conditioner, Ouidad Advanced Climate Control Heat & Humidity Gel, and SheaMoisture Coconut & Hibiscus Curl Enhancing Smoothie."
"Can you recommend a good face wash for acne-prone skin?","Absolutely! For acne-prone skin, try La Roche-Posay Effaclar Medicated Gel Cleanser and Clean & Clear Continuous Control Acne Cleanser."
"What are some popular unisex skincare products?","Popular unisex skincare products include CeraVe Hydrating Facial Cleanser, The Ordinary Niacinamide 10% + Zinc 1%, and Drunk Elephant Protini Polypeptide Cream."
"Can you recommend a good eye cream for puffiness?","For puffiness, we recommend The Ordinary Caffeine Solution 5% + EGCG and Origins GinZing Refreshing Eye Cream."
"What are some good hair oils for dry hair?","For dry hair, good hair oils include Moroccanoil Treatment and OGX Renewing + Argan Oil of Morocco Penetrating Oil."
"Can you recommend a good face scrub for sensitive skin?","Sure! For sensitive skin, try Aveeno Positively Radiant Skin Brightening Daily Scrub and Simple Smoothing Facial Scrub."
"What are some must-have products for a skincare routine?","Must-have skincare products include a cleanser, toner, serum, moisturizer, and sunscreen. Try CeraVe Foaming Facial Cleanser, Pixi Glow Tonic, The Ordinary Hyaluronic Acid 2% + B5, Neutrogena Hydro Boost Gel-Cream, and EltaMD UV Clear Broad-Spectrum SPF 46."
"Can you recommend a good lip gloss?","For a good lip gloss, try Fenty Beauty Gloss Bomb Universal Lip Luminizer and NYX Professional Makeup Butter Gloss."
"What are some essential products for a hair care routine?","Essential hair care products include a good shampoo, conditioner, leave-in treatment, and heat protectant. Try Redken Extreme Shampoo, Pureology Hydrate Conditioner, It's a 10 Miracle Leave-In Product, and TRESemmé Thermal Creations Heat Tamer Spray."
"Can you recommend a good facial mist for hydration?","Certainly! For hydration, try Mario Badescu Facial Spray with Aloe, Herbs, and Rosewater or Caudalie Grape Water."
"What are some popular makeup products for a glam look?","For a glam look, try Fenty Beauty Pro Filt'r Soft Matte Longwear Foundation, Huda Beauty Obsessions Eyeshadow Palette, Too Faced Better Than Sex Mascara, and Anastasia Beverly Hills Liquid Lipstick."
"Can you recommend a good body wash for sensitive skin?","For sensitive skin, try Aveeno Skin Relief Body Wash and Dove Sensitive Skin Body Wash."
"What are some must-have beauty tools?","Must-have beauty tools include a good set of makeup brushes, a beauty blender, a facial cleansing brush, and an eyelash curler. Try Real Techniques Makeup Brush Set, Beautyblender Original, Foreo Luna Mini 2, and Shiseido Eyelash Curler."
"Can you recommend a good moisturizer for combination skin?","Certainly! For combination skin, try Clinique Dramatically Different Moisturizing Gel and Neutrogena Hydro Boost Gel-Cream."
"What are some good products for deep conditioning hair?","For deep conditioning, try Olaplex No. 3 Hair Perfector and SheaMoisture Manuka Honey & Mafura Oil Intensive Hydration Hair Masque."
"Can you recommend a good cleanser for sensitive skin?","Sure! For sensitive skin, try Cetaphil Gentle Skin Cleanser and La Roche-Posay Toleriane Hydrating Gentle Cleanser."
"What are some essential products for a night-time skincare routine?","Essential products include a gentle cleanser, a hydrating toner, a serum, a night cream, and an eye cream. Try CeraVe Hydrating Cleanser, Pixi Glow Tonic, The Ordinary Hyaluronic Acid 2% + B5, CeraVe Skin Renewing Night Cream, and Kiehl's Midnight Recovery Eye."
"Can you recommend a good shampoo for oily hair?","Certainly! For oily hair, try Neutrogena Anti-Residue Shampoo and Paul Mitchell Tea Tree Special Shampoo."
"What are some popular beauty products for men?","Popular beauty products for men include Jack Black Deep Dive Glycolic Facial Cleanser, Baxter of California Super Shape Skin Recharge Cream, and American Crew Forming Cream."
"Can you recommend a good body butter?","Sure! For a good body butter, try The Body Shop Shea Body Butter and Palmer's Cocoa Butter Formula."
"What are some good products for achieving a matte makeup look?","For a matte makeup look, try Fenty Beauty Pro Filt'r Soft Matte Longwear Foundation, Rimmel Stay Matte Pressed Powder, and NYX Professional Makeup Matte Finish Setting Spray."
"Can you recommend a good facial serum for sensitive skin?","Certainly! For sensitive skin, try Avène Hydrance Intense Rehydrating Serum and La Roche-Posay Toleriane Ultra Dermallergo Serum."
"What are some essential makeup products for a complete look?","Essential makeup products include a primer, foundation, concealer, eyeshadow, eyeliner, mascara, blush, highlighter, and lipstick. Try Smashbox Photo Finish Foundation Primer, L'Oréal Paris Infallible Pro-Matte Foundation, NARS Radiant Creamy Concealer, Urban Decay Naked Eyeshadow Palette, Stila Stay All Day Waterproof Liquid Eyeliner, Maybelline Lash Sensational Mascara, NARS Blush, Becca Shimmering Skin Perfector, and MAC Matte Lipstick."
"Can you recommend a good hair conditioner for fine hair?","For fine hair, try Biolage VolumeBloom Conditioner and Aveda Pure Abundance Volumizing Clay Conditioner."
"What are some popular skincare products for glowing skin?","For glowing skin, try Drunk Elephant T.L.C. Sukari Babyfacial, Sunday Riley Good Genes All-In-One Lactic Acid Treatment, and Tatcha The Dewy Skin Cream."
"Can you recommend a good anti-dandruff shampoo?","Certainly! For dandruff, try Head & Shoulders Clinical Strength Shampoo and Nizoral A-D Anti-Dandruff Shampoo."
"What are some must-have makeup products for a smokey eye look?","For a smokey eye look, try Urban Decay Naked Smoky Eyeshadow Palette, MAC Eye Kohl in Smolder, and Benefit They're Real! Lengthening Mascara."
"Can you recommend a good body lotion for sensitive skin?","For sensitive skin, try Aveeno Skin Relief Moisturizing Lotion and Eucerin Advanced Repair Lotion."
"What are some popular luxury skincare products?","Popular luxury skincare products include La Mer Crème de la Mer, SK-II Facial Treatment Essence, and Estée Lauder Advanced Night Repair."
"Can you recommend a good scalp treatment?","Certainly! For scalp treatment, try Briogeo Scalp Revival Charcoal + Tea Tree Scalp Treatment and Kérastase Initialiste Advanced Scalp and Hair Serum."
"What are some essential products for an anti-aging skincare routine?","Essential products include a gentle cleanser, an exfoliating toner, a serum with antioxidants, a retinol night cream, and a sunscreen. Try CeraVe Hydrating Cleanser, Pixi Glow Tonic, Skinceuticals C E Ferulic, RoC Retinol Correxion Deep Wrinkle Night Cream, and EltaMD UV Clear Broad-Spectrum SPF 46."
"Can you recommend a good face mask for oily skin?","Sure! For oily skin, try GlamGlow Supermud Clearing Treatment and Origins Clear Improvement Active Charcoal Mask."
"What are some must-have grooming products for men?","Must-have grooming products for men include a good face wash, moisturizer, shaving cream, and aftershave balm. Try Kiehl's Facial Fuel Energizing Face Wash, Clinique for Men Moisturizing Lotion, The Art of Shaving Shaving Cream, and Nivea Men Sensitive Post Shave Balm."
"Can you recommend a good hand cream for dry hands?","Certainly! For dry hands, try L'Occitane Shea Butter Hand Cream and Neutrogena Norwegian Formula Hand Cream."
"What are some popular anti-aging skincare products?","Popular anti-aging products include Olay Regenerist Micro-Sculpting Cream, Neutrogena Rapid Wrinkle Repair Retinol Oil, and Estée Lauder Advanced Night Repair."
"Can you recommend a good lip exfoliator?","For a good lip exfoliator, try Lush Bubblegum Lip Scrub and Bite Beauty Agave+ Weekly Lip Scrub."
"What are some must-have products for a minimal makeup look?","For a minimal makeup look, use a tinted moisturizer like Laura Mercier Tinted Moisturizer, a natural-looking mascara like Glossier Lash Slick, a cream blush like Milk Makeup Lip + Cheek, and a tinted lip balm like Fresh Sugar Lip Treatment."
"Can you recommend a good skincare routine for dry skin?","Sure! For dry skin, start with a gentle cleanser like Cetaphil Gentle Skin Cleanser, follow with a hydrating toner such as Klairs Supple Preparation Unscented Toner, then use a serum like The Ordinary Hyaluronic Acid 2% + B5, and finish with a rich moisturizer like CeraVe Moisturizing Cream."
"What are the best hair care products for frizzy hair?","For frizzy hair, we recommend John Frieda Frizz Ease Extra Strength Serum, Living Proof No Frizz Shampoo and Conditioner, and OGX Renewing + Argan Oil of Morocco Penetrating Oil."
"Can you recommend a lightweight foundation for everyday use?","Certainly! For a lightweight foundation, try IT Cosmetics Your Skin But Better CC+ Cream and Fenty Beauty Pro Filt'r Hydrating Longwear Foundation."
"What are the best perfumes for women?","Some of the best perfumes for women include Chanel Coco Mademoiselle, YSL Black Opium, and Marc Jacobs Daisy."
"Can you recommend a good face serum for anti-aging?","For anti-aging, we recommend Estée Lauder Advanced Night Repair and Olay Regenerist Micro-Sculpting Serum."
"What are the most popular skincare brands?","Popular skincare brands include La Roche-Posay, The Ordinary, CeraVe, and Neutrogena."
"What are the best-selling hair care products?","Best-selling hair care products include Olaplex No. 3 Hair Perfector, Redken All Soft Shampoo and Conditioner, and Moroccanoil Treatment."
"Can you recommend a good concealer for dark circles?","Sure! For dark circles, try Tarte Shape Tape Concealer and Maybelline Instant Age Rewind Eraser Dark Circles Concealer."
"What are the most popular makeup brands?","Popular makeup brands include MAC, Fenty Beauty, NARS, and Urban Decay."
"What are the best-selling perfumes?","Best-selling perfumes include Dior Sauvage, Chanel No. 5, and Versace Bright Crystal."
"Can you recommend a good face moisturizer for oily skin?","For oily skin, try Neutrogena Hydro Boost Water Gel and La Roche-Posay Effaclar Mat Daily Moisturizer."
"What are the best-selling skincare products?","Best-selling skincare products include CeraVe Hydrating Facial Cleanser, The Ordinary Niacinamide 10% + Zinc 1%, and Drunk Elephant T.L.C. Sukari Babyfacial."
"Can you recommend a good hair mask for damaged hair?","Certainly! For damaged hair, try Briogeo Don't Despair, Repair! Deep Conditioning Mask and Olaplex No. 3 Hair Perfector."
"What are the most popular hair care brands?","Popular hair care brands include Olaplex, Redken, Pureology, and Moroccanoil."
"What are the best-selling makeup products?","Best-selling makeup products include Fenty Beauty Pro Filt'r Soft Matte Longwear Foundation, Too Faced Better Than Sex Mascara, and NARS Radiant Creamy Concealer."
"Can you recommend a good face wash for combination skin?","For combination skin, try La Roche-Posay Toleriane Purifying Foaming Cleanser and Neutrogena Ultra Gentle Hydrating Cleanser."
"What are the best-selling overall beauty products?","Best-selling beauty products include Estée Lauder Advanced Night Repair, Olaplex No. 3 Hair Perfector, and Fenty Beauty Gloss Bomb Universal Lip Luminizer."
"What are the best skincare products for sensitive skin?","For sensitive skin, we recommend Vanicream Gentle Facial Cleanser, Aveeno Ultra-Calming Daily Moisturizer, and La Roche-Posay Toleriane Double Repair Face Moisturizer."
"Can you recommend a good setting spray for long-lasting makeup?","Sure! For long-lasting makeup, try Urban Decay All Nighter Long-Lasting Makeup Setting Spray and MAC Prep + Prime Fix+."
"What are the most popular perfume brands?","Popular perfume brands include Chanel, Dior, Yves Saint Laurent, and Tom Ford."
"What are the best makeup products for oily skin?","For oily skin, we recommend Fenty Beauty Pro Filt'r Soft Matte Longwear Foundation, Maybelline Fit Me Matte + Poreless Powder, and Urban Decay De-Slick Oil Control Makeup Setting Spray."
"Can you recommend a good sunscreen for daily use?","Certainly! For daily use, try EltaMD UV Clear Broad-Spectrum SPF 46 and Neutrogena Ultra Sheer Dry-Touch Sunscreen SPF 100."
"What are the best hair care products for volume?","For volume, we recommend Bumble and bumble Thickening Shampoo and Conditioner, Aveda Thickening Tonic, and Oribe Maximista Thickening Spray."
"What are the most popular skincare products for acne?","Popular skincare products for acne include La Roche-Posay Effaclar Duo, The Ordinary Niacinamide 10% + Zinc 1%, and Neutrogena Oil-Free Acne Wash."
"Can you recommend a good primer for large pores?","Sure! For large pores, try Benefit Cosmetics The POREfessional Face Primer and Smashbox Photo Finish Pore Minimizing Primer."
"What are the best makeup products for dry skin?","For dry skin, we recommend NARS Sheer Glow Foundation, IT Cosmetics Bye Bye Under Eye Concealer, and Becca Hydra-Mist Set & Refresh Powder."
"What are the best-selling perfumes for men?","Best-selling perfumes for men include Dior Sauvage, Bleu de Chanel, and Giorgio Armani Acqua di Gio."
"Can you recommend a good exfoliator for dry skin?","Certainly! For dry skin, try Dermalogica Daily Microfoliant and Fresh Sugar Face Polish."
"What are the best hair care products for color-treated hair?","For color-treated hair, we recommend Pureology Hydrate Shampoo and Conditioner, Olaplex No. 4 Bond Maintenance Shampoo, and Redken Color Extend Magnetics Shampoo."
"What are the most popular makeup products for a natural look?","For a natural look, try Glossier Perfecting Skin Tint, Maybelline Lash Sensational Mascara, and Burt's Bees Tinted Lip Balm."
"Can you recommend a good face cream for anti-aging?","For anti-aging, we recommend Olay Regenerist Micro-Sculpting Cream and Neutrogena Rapid Wrinkle Repair Regenerating Cream."
"What are the best skincare products for glowing skin?","For glowing skin, try Drunk Elephant T.L.C. Sukari Babyfacial, Sunday Riley Good Genes All-In-One Lactic Acid Treatment, and Tatcha The Dewy Skin Cream."
"Can you recommend a good eyebrow product for natural-looking brows?","For natural-looking brows, try Anastasia Beverly Hills Brow Wiz and Glossier Boy Brow."
"What are the best makeup products for mature skin?","For mature skin, we recommend IT Cosmetics Your Skin But Better CC+ Cream, NARS Radiant Creamy Concealer, and Laura Mercier Translucent Loose Setting Powder."
"Can you recommend a good hair product for heat protection?","Certainly! For heat protection, try TRESemmé Thermal Creations Heat Tamer Spray and CHI 44 Iron Guard Thermal Protection Spray."
"What are the most popular skincare products for dark spots?","Popular skincare products for dark spots include The Ordinary Alpha Arbutin 2% + HA, Murad Rapid Age Spot and Pigment Lightening Serum, and Kiehl's Clearly Corrective Dark Spot Solution."
"Can you recommend a good lip balm for chapped lips?","For chapped lips, try Burt's Bees Beeswax Lip Balm and Laneige Lip Sleeping Mask."
"What are the best hair care products for curly hair?","For curly hair, we recommend DevaCurl One Condition Original Daily Cream Conditioner, SheaMoisture Coconut & Hibiscus Curl Enhancing Smoothie, and Ouidad Advanced Climate Control Heat & Humidity Gel."
"What are the best-selling skincare products for anti-aging?","Best-selling anti-aging products include Olay Regenerist Micro-Sculpting Cream, Estée Lauder Advanced Night Repair, and Neutrogena Rapid Wrinkle Repair Retinol Oil."
"Can you recommend a good eyeshadow palette for everyday use?","For everyday use, try Urban Decay Naked2 Basics Eyeshadow Palette and Tarte Tartelette In Bloom Clay Eyeshadow Palette."
"What are the best hair care products for thinning hair?","For thinning hair, we recommend Nioxin System 2 Cleanser and Scalp Therapy Conditioner, Rogaine 5% Minoxidil Foam, and Aveda Invati Advanced Scalp Revitalizer."
"What are the most popular skincare products for sensitive skin?","Popular skincare products for sensitive skin include La Roche-Posay Toleriane Hydrating Gentle Cleanser, Vanicream Moisturizing Cream, and Bioderma Sensibio H2O Micellar Water."
"Can you recommend a good perfume for a special occasion?","For a special occasion, try Chanel Coco Mademoiselle or Tom Ford Black Orchid."
"What are the best makeup products for a long-lasting look?","For a long-lasting look, we recommend Estee Lauder Double Wear Stay-in-Place Foundation, MAC Pro Longwear Concealer, and Urban Decay All Nighter Long-Lasting Makeup Setting Spray."
"Can you recommend a good skincare product?","Sure! For a good all-around skincare product, try CeraVe Hydrating Cleanser for gentle cleansing and The Ordinary Hyaluronic Acid 2% + B5 for hydration."
"Which skincare products are suitable for my skin?","To provide a suitable recommendation, could you please let me know your skin type (e.g., oily, dry, combination, sensitive)?"
"Can you recommend a good hair care product?","Of course! For a versatile hair care product, try Olaplex No. 3 Hair Perfector for strengthening and repairing all hair types."
"Which hair care products are suitable for my hair?","To recommend the best products, could you please tell me more about your hair type and concerns (e.g., dry, oily, color-treated, frizzy)?"
"Can you suggest a good moisturizer for dry skin?","For dry skin, try Neutrogena Hydro Boost Gel-Cream or CeraVe Moisturizing Cream."
"Recommend me a skincare product.","Sure! For skincare, I recommend trying CeraVe Moisturizing Cream for its gentle hydration and suitability for various skin types."
"Which products are suitable for my skin?","For your skin type, I suggest trying products like Neutrogena Hydro Boost Water Gel for lightweight hydration and La Roche-Posay Effaclar Duo for acne-prone skin."
"Recommend me hair care products.","For hair care, I'd suggest trying Moroccanoil Treatment for its nourishing properties or Olaplex No. 3 Hair Perfector for repairing damaged hair."
"Which products are suitable for my hair?","For your hair type, consider using products like Redken All Soft Shampoo and Conditioner for added moisture, or Bumble and bumble Thickening Spray for volume and texture."
"Can I get personalized product recommendations?","Absolutely! Just let us know your preferences and skin type, and we'll recommend the perfect products for you."
"What are your best-selling skincare products?","Our best-selling skincare products include CeraVe Hydrating Facial Cleanser, The Ordinary Niacinamide 10% + Zinc 1%, and Drunk Elephant T.L.C. Sukari Babyfacial."
"What perfumes are suitable for sensitive skin?","For sensitive skin, we recommend trying light and hypoallergenic fragrances like Chloe Nomade Eau de Parfum or Jo Malone London Wood Sage & Sea Salt Cologne."
"Can you recommend a long-lasting foundation for oily skin?","Sure! For oily skin, consider trying Estée Lauder Double Wear Stay-in-Place Foundation or Fenty Beauty Pro Filt'r Soft Matte Longwear Foundation."
"What are some popular perfumes for men?","Popular perfumes for men include Dior Sauvage, Bleu de Chanel, and Giorgio Armani Acqua di Gio."
"What are the best hair care products for damaged hair?","For damaged hair, we recommend Olaplex No. 3 Hair Perfector, Moroccanoil Treatment, and Redken All Soft Shampoo and Conditioner."
"Can you recommend a hydrating face mask?","For hydration, try Fresh Rose Face Mask or Laneige Water Sleeping Mask."
"Can you suggest a good lip balm for dry lips?","Sure! For dry lips, try Burt's Bees Beeswax Lip Balm or Laneige Lip Sleeping Mask."
"What are some popular eyeshadow palettes for beginners?","For beginners, consider trying Urban Decay Naked Basics Palette or Too Faced Chocolate Bar Eyeshadow Palette."
"Recommend me some perfumes.","For everyday wear, I recommend light and fresh scents like Dolce & Gabbana Light Blue or Marc Jacobs Daisy."
"Can you suggest a perfume for a special occasion?","For special occasions, consider elegant and luxurious fragrances like Chanel Coco Mademoiselle or Tom Ford Black Orchid."
"What perfumes are suitable for summer?","For summer, opt for refreshing and citrusy fragrances like Versace Bright Crystal or Jo Malone London Orange Blossom."
"Can you recommend a floral perfume for spring?","Certainly! For spring, try floral scents like Viktor & Rolf Flowerbomb or Gucci Bloom."
"What are some popular unisex perfumes?","Popular unisex perfumes include CK One by Calvin Klein and Maison Margiela Replica Jazz Club."
"Can you suggest a warm and spicy perfume for fall/winter?","For fall/winter, go for warm and spicy fragrances like Yves Saint Laurent Black Opium or Viktor & Rolf Spicebomb."
"Recommend me some budget-friendly perfumes.","For budget-friendly options, consider perfumes like Zara Perfumes or Bath & Body Works Signature Collection."
"What are some long-lasting perfumes?","For long-lasting scents, try perfumes with Eau de Parfum concentration like Dior Sauvage or Lancôme La Vie Est Belle."
"What perfumes do celebrities wear?","Celebrities often wear perfumes like Chanel No. 5, Tom Ford Black Orchid, and Jo Malone London Lime Basil & Mandarin."
"Can you recommend me some products?","Of course! Could you please specify the category or type of products you're interested in?"
"What are the best-selling products on your store?","Some of our best-selling products include CeraVe Hydrating Facial Cleanser, Moroccanoil Treatment, and Fenty Beauty Gloss Bomb Universal Lip Luminizer."
"Which products are highly rated by customers?","Our highly rated products include La Roche-Posay Anthelios Melt-in Milk Sunscreen, Olaplex No. 3 Hair Perfector, and NARS Radiant Creamy Concealer."
"Do you have any recommendations for a beginner in beauty products?","For beginners, we recommend starting with essentials like a gentle cleanser, moisturizer, and sunscreen. Brands like CeraVe, The Ordinary, and Neutrogena offer great options for beginners."
"Can you suggest some must-have products for a skincare routine?","Certainly! A basic skincare routine should include a cleanser, moisturizer, sunscreen, and possibly a serum or treatment. Brands like CeraVe, La Roche-Posay, and The Ordinary offer excellent options for each step."
"What are some popular brands on your store?","Popular brands on our store include CeraVe, The Ordinary, Fenty Beauty, Moroccanoil, and La Roche-Posay."
"Do you offer any sample or trial sizes for products?","Yes, we offer sample or trial sizes for select products. You can find them in the 'Samples' or 'Travel Size' section of our store."
"Can you recommend some products for sensitive skin?","For sensitive skin, we recommend gentle and fragrance-free products like Cetaphil Gentle Skin Cleanser, Vanicream Moisturizing Cream, and La Roche-Posay Toleriane Double Repair Face Moisturizer."
"What are some cruelty-free brands available on your store?","We offer a variety of cruelty-free brands including The Ordinary, Fenty Beauty, Pixi Beauty, and Tarte Cosmetics."
"Can you suggest some affordable options for beauty products?","Certainly! Affordable options include brands like The Ordinary, e.l.f. Cosmetics, and NYX Professional Makeup."
"Can you recommend a good all-in-one makeup palette for beginners?","Absolutely! For beginners, we recommend versatile makeup palettes like the Urban Decay Naked Palette, Tartelette In Bloom Palette, or the Morphe Jaclyn Hill Eyeshadow Palette."
"I'm new to skincare. What essential products should I start with?","Welcome to the world of skincare! A basic skincare routine should include a gentle cleanser, moisturizer, and sunscreen. Depending on your skin type and concerns, you can also consider adding a toner and exfoliant."
"I have oily skin. Can you suggest some mattifying makeup products?","Sure! For oily skin, opt for mattifying foundations like the Maybelline Fit Me Matte + Poreless Foundation, setting powders such as the Laura Mercier Translucent Loose Setting Powder, and oil-control primers like the NYX Professional Makeup Shine Killer Primer."
"What's the best way to prevent frizz in hair during humid weather?","To prevent frizz in humid weather, use anti-frizz hair products like serums, creams, or sprays. Additionally, consider using a smoothing shampoo and conditioner, and avoid over-washing your hair."
"I want to try a new lip color. Any recommendations for long-lasting lipsticks?","Certainly! For long-lasting lip color, try liquid lipsticks or matte lipsticks from brands like MAC Cosmetics, Kat Von D Beauty, or Stila. These formulas offer excellent staying power without constant touch-ups."
"Do you have any recommendations for a refreshing facial mist?","Yes, facial mists are great for refreshing your skin throughout the day! Some popular options include the Mario Badescu Facial Spray with Aloe, Herbs, and Rosewater, the Caudalie Beauty Elixir, and the Evian Facial Spray."
"What's the best way to combat under-eye puffiness and dark circles?","To combat under-eye puffiness and dark circles, use eye creams containing ingredients like caffeine, hyaluronic acid, and vitamin C. Additionally, cold compresses and getting enough sleep can help reduce puffiness."
"What payment methods do you accept on your website?","We accept various payment methods including credit/debit cards (Visa, Mastercard, American Express), PayPal, and sometimes even alternative methods like Apple Pay or Google Pay. You can select your preferred payment option at checkout."
"Do you offer international shipping?","Yes, we offer international shipping to many countries worldwide. Shipping rates and delivery times may vary depending on your location. You can check the shipping options available for your country during the checkout process."
"How can I track my order?","Once your order has been shipped, you'll receive a confirmation email with a tracking number and a link to track your package. You can also log in to your account on our website to view the status of your order and track its progress."
"Is it safe to shop on your website?","Yes, shopping on our website is safe and secure. We use industry-standard encryption technology to protect your personal and payment information. Additionally, we never store your credit card details on our servers."
"Do you offer gift wrapping services?","Yes, we offer gift wrapping services for an additional fee. During the checkout process, you'll have the option to add gift wrapping to your order and include a personalized message for the recipient."
"How do I return or exchange a product?","If you're not completely satisfied with your purchase, you can return or exchange it within [number] days of receiving your order. Simply contact our customer service team for assistance, and they'll provide you with further instructions on how to proceed."
"Can I sign up for your newsletter to receive updates and promotions?","Absolutely! You can sign up for our newsletter to stay updated on the latest beauty trends, new product launches, and exclusive promotions. Just enter your email address in the signup form on our website to subscribe."
"Are there any discounts or promotions currently available?","We often run promotions and offer discounts on select products. You can check our website's homepage or promotions page for any ongoing deals or sign up for our newsletter to receive exclusive offers directly to your inbox."
"Tell me about your website.","Our website is your one-stop destination for all things beauty! We offer a wide range of makeup, skincare, haircare, bath, and body products from top brands. Whether you're looking for the latest beauty trends or everyday essentials, we've got you covered."
"What makes your website unique?","What sets us apart is our curated selection of high-quality beauty products from trusted brands. We strive to provide our customers with a seamless shopping experience, excellent customer service, and regular updates on the latest beauty trends and promotions."
"Do you offer any special features or services on your website?","Yes, we offer various special features and services to enhance your shopping experience. This includes detailed product descriptions, customer reviews, beauty tips and tutorials, gift wrapping services, and exclusive promotions for our loyal customers."
"How can I navigate your website to find products easily?","Navigating our website is simple! You can browse products by category (makeup, skincare, haircare, etc.), brand, or use our search bar to find specific items. We also have filters and sorting options to help you narrow down your search and find exactly what you're looking for."
"Can I learn more about the brands you carry on your website?","Absolutely! We provide information about each brand we carry, including their history, philosophy, and bestselling products. You can explore our brand pages to discover new brands and learn more about your favorites."
"Is your website mobile-friendly?","Yes, our website is fully optimized for mobile devices, so you can shop anytime, anywhere, from your smartphone or tablet. Our mobile-friendly interface ensures a seamless shopping experience on the go."
"Do you have a loyalty program or rewards program for frequent shoppers?","Yes, we value our loyal customers! We offer a loyalty program where you can earn points for every purchase, which can be redeemed for discounts or free products. Be sure to sign up for our loyalty program to start earning rewards today!"
"Where can I find information about shipping, returns, and other policies?","You can find detailed information about our shipping, returns, and other policies on our website's FAQ page or in the footer menu. If you have any specific questions, feel free to contact our customer service team for assistance."
"How do I create an account on your website?","Creating an account is easy! Simply click on the 'Sign Up' or 'Register' button located at the top of our website's homepage. Follow the prompts to enter your information and create your account. Once registered, you'll have access to features like order tracking, saved addresses, and more."
"I forgot my password. How can I reset it?","No worries! If you've forgotten your password, you can reset it by clicking on the 'Forgot Password' link on the login page. Enter your email address, and we'll send you instructions on how to reset your password."
"Can I change or update my account information?","Yes, you can update your account information at any time. Simply log in to your account and navigate to the 'My Account' or 'Account Settings' section. From there, you can edit your personal details, shipping addresses, and communication preferences."
"How do I track my order?","Tracking your order is easy! Once your order has been shipped, you'll receive a confirmation email with a tracking number and a link to track your package. You can also log in to your account on our website to view the status of your order and track its progress."
"I'm having trouble placing an order. Can you help me?","Of course! If you're experiencing any difficulties placing an order, please contact our customer service team for assistance. You can reach us via email, phone, or live chat during our business hours. We're here to help you with any questions or concerns you may have."
"Where can I find information about your promotions and sales events?","You can find information about our promotions and sales events on our website's homepage or promotions page. We also send out newsletters to our subscribers with updates on the latest deals and discounts, so be sure to sign up to stay in the loop!"
"How can I unsubscribe from your newsletter?","If you no longer wish to receive our newsletters, you can unsubscribe at any time by clicking on the 'Unsubscribe' link at the bottom of any newsletter email you receive from us. You can also update your email preferences in your account settings."
"Do you offer gift cards?","Yes, we offer gift cards that can be purchased and redeemed on our website. Gift cards are a perfect option for birthdays, holidays, or any special occasion. You can find more information about our gift cards and purchase them on our website's gift card page."
"What skincare products do you have?","We offer a wide range of skincare products tailored to different skin types and concerns. Our collection includes cleansers, moisturizers, serums, exfoliators, masks, and more from top brands in the industry."
"Can you recommend a skincare routine for combination skin?","Certainly! For combination skin, we recommend a gentle cleanser, followed by a lightweight, oil-free moisturizer. Incorporating a hydrating serum and exfoliating treatment can help balance the skin's moisture levels and prevent breakouts."
"Do you have any recommendations for anti-aging skincare products?","Yes, we have several anti-aging skincare products designed to target fine lines, wrinkles, and other signs of aging. Some popular options include retinol serums, vitamin C treatments, and moisturizers with peptides and hyaluronic acid."
"I have sensitive skin. Can you suggest some gentle skincare products?","Of course! For sensitive skin, we recommend using fragrance-free, hypoallergenic skincare products with soothing ingredients like aloe vera, chamomile, and oat extract. Look for products labeled 'gentle' or 'for sensitive skin'."
"What's the best way to treat acne-prone skin?","Treating acne-prone skin requires a targeted skincare routine. We recommend using a gentle cleanser, followed by a salicylic acid or benzoyl peroxide treatment to unclog pores and reduce inflammation. Incorporating a lightweight, oil-free moisturizer and avoiding harsh ingredients is also important."
"I'm looking for a hydrating face mask. Any recommendations?","Absolutely! We have several hydrating face masks that can help replenish moisture and soothe dry, dehydrated skin. Some popular options include sheet masks infused with hyaluronic acid, overnight masks with nourishing oils, and gel masks with cucumber or aloe vera."
"What's the difference between physical and chemical exfoliants?","Physical exfoliants contain granules or particles that physically scrub away dead skin cells, while chemical exfoliants use acids like glycolic acid or lactic acid to dissolve and loosen the bonds between skin cells. Both types can be effective, but chemical exfoliants are often gentler and more suitable for sensitive skin."
"Can you recommend a sunscreen for daily use?","Absolutely! Daily sunscreen is essential for protecting your skin from harmful UV rays. Look for a broad-spectrum sunscreen with SPF 30 or higher and lightweight, non-comedogenic formulas that won't clog pores. Some great options include mineral sunscreens with zinc oxide or titanium dioxide for sensitive skin."
"What hair care products do you have?","We offer a diverse range of hair care products catering to various hair types and concerns. Our collection includes shampoos, conditioners, hair masks, styling products, and treatments from top brands in the industry."
"Do you recommend any hair care products for dry, damaged hair?","Absolutely! For dry, damaged hair, we recommend using moisturizing shampoos and conditioners with ingredients like argan oil, shea butter, and keratin. Additionally, incorporating a weekly deep conditioning treatment or hair mask can help repair and nourish the hair."
"I'm looking for a sulfate-free shampoo. Can you suggest some options?","Sure! Sulfate-free shampoos are gentler on the hair and scalp, making them ideal for those with sensitive skin or color-treated hair. Some popular sulfate-free options include [Product A], [Product B], and [Product C]."
"What's the best way to enhance natural curls?","Enhancing natural curls requires the right combination of products and techniques. We recommend using a curl-enhancing shampoo and conditioner, followed by a leave-in conditioner or curl-defining cream. Scrunching the hair while it's damp and allowing it to air dry can help enhance and define curls."
"I have oily scalp and dry ends. Can you recommend a balancing shampoo?","Certainly! Balancing shampoos are designed to cleanse the scalp without stripping the hair of its natural oils. Look for formulas with clarifying ingredients like tea tree oil or charcoal to control excess oil, while still providing hydration to the ends of the hair."
"Do you carry any hair growth or thickening products?","Yes, we offer several hair growth and thickening products designed to promote healthy hair growth and increase volume. Some popular options include hair growth serums, volumizing shampoos, and scalp treatments with ingredients like biotin, caffeine, and peptides."
"I'm looking for a heat protectant spray. Can you recommend one?","Absolutely! Heat protectant sprays are essential for protecting the hair from heat damage caused by styling tools like blow dryers, flat irons, and curling irons. Some top picks include [Product A], [Product B], and [Product C], which provide heat protection and add shine to the hair."
"What's the difference between a hair mask and a conditioner?","Hair masks are typically more concentrated and deeply nourishing compared to regular conditioners. They are designed to provide intense hydration and repair to dry, damaged hair, whereas conditioners focus more on detangling and softening the hair."
